parts,strength
Air filter,29
Air filter,57
Air filter,45
Asphalt shingles,63
Asphalt shingles,7
Asphalt shingles,42
Blinds,12
Blinds,94
Blinds,25
Block wall,88
Block wall,14
Block wall,2
Brick mortar,34
Brick mortar,28
Brick mortar,37
Brick wall,83
Brick wall,1
Brick wall,49
Brickwork,50
Brickwork,6
Brickwork,50
Building paper,18
Building paper,24
Building paper,59
Building trim,3
Building trim,35
Building trim,39
Ceiling grid,47
Ceiling grid,82
Ceiling grid,16
Ceiling material,25
Ceiling material,1
Ceiling material,25
Cement,3
Cement,91
Cement,15
Ceramic tile,8
Ceramic tile,59
Ceramic tile,64
Concrete blocks,26
Concrete blocks,64
Concrete blocks,24
Concrete mixer,34
Concrete mixer,70
Concrete mixer,9
Countertop,9
Countertop,20
Countertop,21
Door frame,99
Door frame,86
Door frame,2
Door frame,17
Door frame,3
Door frame,17
Door stop,91
Door stop,17
Door stop,18
Drywall,96
Drywall,18
Drywall,18
Drywall screws,60
Drywall screws,11
Drywall screws,35
Exterior brick,12
Exterior brick,6
Exterior brick,31
Fasteners,12
Fasteners,43
Fasteners,77
Glass,32
Glass,35
Glass,82
Gypsum base,8
Gypsum base,14
Gypsum base,28
Hasp,27
Hasp,27
Hasp,12
Hydraulic push,62
Hydraulic push,34
Hydraulic push,27
Jackhammer,21
Jackhammer,3
Jackhammer,36
Joint compound,5
Joint compound,30
Joint compound,23
Ladder,57
Ladder,8
Ladder,79
Metal mesh,34
Metal mesh,73
Metal mesh,22
Non-ferrous metal,31
Non-ferrous metal,85
Non-ferrous metal,23
Outlet box,41
Outlet box,4
Outlet box,7
Projection base,23
Projection base,19
Projection base,91
Projection window,98
Projection window,21
Projection window,21
Radiator,24
Radiator,53
Radiator,34
Rebar,35
Rebar,67
Rebar,46
Reinforced concrete block,22
Reinforced concrete block,2
Reinforced concrete block,14
Soil,77
Soil,29
Soil,30
Stair runner,49
Stair runner,59
Stair runner,2
Steel frame,10
Steel frame,53
Steel frame,29
Steel frame structure,28
Steel frame structure,54
Steel frame structure,47
Stone,37
Stone,12
Stone,6
Tile joint material,44
Tile joint material,29
Tile joint material,11
Wallpaper,9
Wallpaper,70
Wallpaper,5
Wire cable,60
Wire cable,40
Wire cable,2
Wire mesh,61
Wire mesh,49
Wire mesh,35
Wooden ladder,35
Wooden ladder,33
Wooden ladder,76
